name_game,year,recommend_count
//N.P.P.D. RUSH//- THE MILK OF ULTRAVIOLET,2015,1
100% ORANGE JUICE,2013,1
100% ORANGE JUICE,2015,1
12 LABOURS OF HERCULES II: THE CRETAN BULL,2015,1
16BIT TRADER,2015,1
30 IMPOSSIBLE LEVELS,2016,2
404SIGHT,2015,1
8BITMMO,2013,1
8BITMMO,2014,6
8BITMMO,2015,2
911: FIRST RESPONDERS(R),2010,1
99 LEVELS TO HELL,2014,2
9TH COMPANY: ROOTS OF TERROR,2014,1
A BOY AND HIS BLOB,2016,1
A NEW BEGINNING - FINAL CUT,2012,1
A STORY ABOUT MY UNCLE,2014,1
A.V.A. ALLIANCE OF VALIANT ARMS(TM),2013,1
A.V.A. ALLIANCE OF VALIANT ARMS(TM),2014,1
A.V.A. ALLIANCE OF VALIANT ARMS(TM),2015,1
ABYSS ODYSSEY,2014,1
ACE OF SPADES: BATTLE BUILDER,2012,4
ACE OF SPADES: BATTLE BUILDER,2013,4
ACE OF SPADES: BATTLE BUILDER,2014,8
ACE OF SPADES: BATTLE BUILDER,2015,4
ACE OF SPADES: BATTLE BUILDER - HURT + HEAL PACK,2015,1
ACT OF AGGRESSION - REBOOT EDITION,2015,1
ADAM'S VENTURE CHRONICLES,2015,1
ADVENTURE CAPITALIST,2015,1
ADVENTURE COMMUNIST,2016,2
ADVENTURE LIB,2015,1
ADVENTURE PARK,2014,1
ADVENTURES OF SHUGGY,2014,1
AFTERLIFE EMPIRE,2015,1
AGAREST: GENERATIONS OF WAR,2014,1
AGE OF EMPIRES II HD,2013,1
AGE OF EMPIRES II HD,2014,1
AGE OF EMPIRES II HD,2015,2
AGE OF EMPIRES(R) III: COMPLETE COLLECTION,2010,1
AGRICULTURAL SIMULATOR 2013 - STEAM EDITION,2014,2
AIRPORT SIMULATOR 2014,2014,1
ALAN WAKE'S AMERICAN NIGHTMARE,2014,1
ALIEN BREED 2: ASSAULT,2014,1
ALIEN RAGE - UNLIMITED,2013,1
ALIEN SWARM,2015,1
ALIENS VS. PREDATOR(TM),2013,1
ALONE IN THE DARK,2015,1
ALPHA KIMORI(TM) 1,2014,1
ALPHA PRIME,2014,1
AMERICA'S ARMY: PROVING GROUNDS,2014,1
AMNESIA: A MACHINE FOR PIGS,2014,1
AMNESIA: A MACHINE FOR PIGS,2015,1
AMPU-TEA,2014,1
AMPU-TEA,2015,1
ANARCHY ARCADE,2014,2
ANARCHY ARCADE,2015,3
AND YET IT MOVES,2011,2
ANGRY VIDEO GAME NERD: THE MOVIE,2015,1
ANNO 2205(TM),2015,1
ANOTHER PERSPECTIVE,2015,1
ANT WAR: DOMINATION,2015,1
ANTICHAMBER,2014,1
AOZORA MEIKYUU,2016,1
APB RELOADED,2011,2
APB RELOADED,2013,2
APB RELOADED,2014,6
APB RELOADED,2015,7
ARCHEAGE,2015,2
ARCHEBLADE(TM),2013,1
ARCHEBLADE(TM),2014,4
ARK: SURVIVAL EVOLVED,2015,18
ARK: SURVIVAL EVOLVED,2017,21
ARK: SURVIVAL OF THE FITTEST,2017,1
ARMA 2: OPERATION ARROWHEAD,2014,2
ARMA 3,2013,3
ARMA 3,2014,3
ARMA 3,2015,7
ARMA II: DAYZ MOD,2013,1
ARMA II: DAYZ MOD,2014,1
ARMA: COLD WAR ASSAULT,2014,3
ASSASSIN'S CREED 2 DELUXE EDITION,2010,1
ASSASSIN'S CREED 2 DELUXE EDITION,2014,2
ASSASSIN'S CREED 2 DELUXE EDITION,2015,1
ASSASSIN'S CREED(R) BROTHERHOOD,2015,1
ASSASSIN'S CREED(R) CHRONICLES: CHINA,2015,1
ASSASSIN'S CREED(R) III,2014,1
ASSASSIN'S CREED(R) III,2015,1
ASSASSIN'S CREED(R) IV BLACK FLAG(TM),2013,2
ASSASSIN'S CREED(R) IV BLACK FLAG(TM),2014,1
ASSASSIN'S CREED(R) IV BLACK FLAG(TM),2015,4
ASSASSIN'S CREED(R) UNITY,2014,6
ASSASSIN'S CREED(R) UNITY,2015,5
ASSETTO CORSA,2014,1
AURA KINGDOM,2010,1
AUTOCRAFT,2015,1
AUTOMATION - THE CAR COMPANY TYCOON GAME,2015,1
AVARIS 2: THE RETURN OF THE EMPRESS,2015,1
AVEYOND 3-2: GATES OF NIGHT,2015,1
AWESOMENAUTS - THE 2D MOBA,2012,1
AWESOMENAUTS - THE 2D MOBA,2013,1
AWESOMENAUTS - THE 2D MOBA,2014,4
AXEL & PIXEL,2015,1
BAD BOTS,2015,1
BAD RATS: THE RATS' REVENGE,2010,1
BAD RATS: THE RATS' REVENGE,2014,6
BAD RATS: THE RATS' REVENGE,2015,3
BALDUR'S GATE: ENHANCED EDITION,2013,1
BASEMENT,2015,1
BATLA,2015,2
BATMAN - THE TELLTALE SERIES,2016,1
BATMAN(TM): ARKHAM KNIGHT,2015,18
BATMAN(TM): ARKHAM ORIGINS,2014,1
BATMAN(TM): ARKHAM ORIGINS BLACKGATE - DELUXE EDITION,2014,1
BATTLE ISLANDS,2015,1
BATTLEBLOCK THEATER(R),2014,1
BATTLEBLOCK THEATER(R),2015,1
BATTLEBORN,2016,2
BATTLEFIELD: BAD COMPANY(TM) 2,2014,2
BATTLEFLEET GOTHIC: ARMADA,2016,1
BATTLEPILLARS GOLD EDITION,2014,1
BATTLESTATIONS PACIFIC,2010,1
BATTLESTATIONS PACIFIC,2015,1
BATTLESTATIONS: MIDWAY,2014,1
BEACH BOUNCE,2015,1
BEATBUDDY: TALE OF THE GUARDIANS,2014,1
BEEP,2011,1
BEN AND ED,2015,1
BEWARE PLANET EARTH,2015,1
BEYOND SPACE REMASTERED EDITION,2014,1
BIERZERKERS,2016,1
BIG PHARMA,2015,1
BIOSHOCK INFINITE,2013,2
BIOSHOCK INFINITE,2014,3
BIOSHOCK(R) 2,2014,1
BIOSHOCK(R) 2,2015,1
BIT DUNGEON II,2014,1
BIT DUNGEON II,2015,1
BIT.TRIP FATE,2013,1
BIT.TRIP RUNNER,2014,2
BLACK MESA,2015,2
BLACKGUARDS,2014,1
BLACKLIGHT: RETRIBUTION,2012,3
BLACKLIGHT: RETRIBUTION,2013,1
BLACKLIGHT: RETRIBUTION,2014,7
BLACKLIGHT: RETRIBUTION,2015,4
BLADE SYMPHONY,2015,2
BLIND TRUST,2016,1
BLOCK N LOAD,2015,10
BLOCKADE 3D,2015,8
BLOCKLAND,2014,3
BLOCKLAND,2015,1
BLOODRAYNE BETRAYAL,2014,1
BLOODY TRAPLAND,2015,1
BORDERLANDS 2,2012,1
BORDERLANDS 2,2014,4
BORDERLANDS 2,2015,2
BORDERLANDS: THE PRE-SEQUEL,2014,2
BORDERLANDS: THE PRE-SEQUEL,2015,8
BRAID,2010,1
BRAINBREAD 2,2016,1
BRAWLHALLA,2017,2
BRICK-FORCE,2014,1
BRICK-FORCE,2015,5
BRINK,2015,2
BROFORCE,2015,2
BROKEN AGE,2015,1
BRUTAL LEGEND,2013,1
BRUTAL LEGEND,2014,1
BRUTAL LEGEND,2015,1
BURGERS,2015,1
BURNOUT PARADISE: THE ULTIMATE BOX,2015,1
BUS-SIMULATOR 2012,2014,1
CAFE 0 ~THE DROWNED MERMAID~,2015,1
CALIBRE 10 RACING,2015,1
CALL OF DUTY(R) 4: MODERN WARFARE(R),2015,1
CALL OF DUTY(R): ADVANCED WARFARE - GOLD EDITION,2014,6
CALL OF DUTY(R): ADVANCED WARFARE - GOLD EDITION,2015,11
CALL OF DUTY(R): ADVANCED WARFARE - SEASON PASS,2015,1
CALL OF DUTY(R): BLACK OPS II,2012,2
CALL OF DUTY(R): BLACK OPS II,2014,3
CALL OF DUTY(R): BLACK OPS II,2015,1
CALL OF DUTY(R): BLACK OPS III,2015,36
CALL OF DUTY(R): GHOSTS,2013,7
CALL OF DUTY(R): GHOSTS,2014,13
CALL OF DUTY(R): GHOSTS,2015,4
CALL OF DUTY(R): MODERN WARFARE(R) 2,2010,1
CALL OF DUTY(R): MODERN WARFARE(R) 2,2013,1
CALL OF DUTY(R): MODERN WARFARE(R) 2,2014,3
CALL OF DUTY: BLACK OPS - MAC EDITION,2012,1
CALL OF JUAREZ(R): THE CARTEL,2013,1
CANNONS LASERS ROCKETS,2014,2
CANNONS LASERS ROCKETS,2015,1
CANYON CAPERS,2014,1
CANYON CAPERS,2015,1
CARRIER COMMAND: GAEA MISSION,2014,1
CASTER,2015,2
CASTLE CRASHERS(R),2012,1
CASTLE CRASHERS(R),2014,1
CASTLE CRASHERS(R),2015,3
CASTLE STORY,2014,1
CASTLE STORY,2015,1
CATMOUTH ISLAND,2015,1
CHILD OF LIGHT,2015,1
CHIVALRY: MEDIEVAL WARFARE,2012,5
CHIVALRY: MEDIEVAL WARFARE,2013,1
CHIVALRY: MEDIEVAL WARFARE,2014,5
CHIVALRY: MEDIEVAL WARFARE,2015,7
CIBELE,2015,1
CITIES IN MOTION 2,2013,2
CITIES XXL,2015,1
CITY OF STEAM: ARKADIA,2014,1
CLASH OF THE MONSTERS,2016,1
CLICKER HEROES,2015,3
CLOWN HOUSE (PALYACO EVI),2015,1
CODENAME CURE,2017,1
COLOR SYMPHONY,2014,1
COMA: MORTUARY,2014,1
COMMAND & CONQUER 4: TIBERIAN TWILIGHT,2014,2
COMPANY OF HEROES 2,2013,1
CONTAGION,2013,3
CONTAGION,2014,3
CONTAGION,2015,2
"COOK, SERVE, DELICIOUS!",2015,1
COPA PETROBRAS DE MARCAS,2015,1
CORTEX COMMAND,2012,1
COSMIC DJ,2014,1
COSMONAUTICA,2015,1
COUNTER-STRIKE,2015,1
COUNTER-STRIKE NEXON: ZOMBIES,2014,5
COUNTER-STRIKE NEXON: ZOMBIES,2015,10
COUNTER-STRIKE: CONDITION ZERO,2014,1
COUNTER-STRIKE: GLOBAL OFFENSIVE,2012,45
COUNTER-STRIKE: GLOBAL OFFENSIVE,2014,21
COUNTER-STRIKE: GLOBAL OFFENSIVE,2015,61
COUNTER-STRIKE: SOURCE,2013,1
COUNTER-STRIKE: SOURCE,2014,2
COUNTER-STRIKE: SOURCE,2015,1
CRASH TIME 2,2014,2
CRICKET CAPTAIN 2015,2015,1
CRUSADER KINGS II,2012,1
CRUSADER KINGS II,2015,2
CRY OF FEAR,2013,1
CRY OF FEAR,2014,2
CRY OF FEAR,2015,4
CRYSIS,2014,1
CUBEGUN,2014,1
CUBEZ,2015,1
CUBIC CASTLES,2014,3
DAIKATANA,2015,1
DAMNED,2014,1
DAMNED,2015,1
DARK SOULS(TM) II,2014,1
DARK SOULS(TM) II: SCHOLAR OF THE FIRST SIN,2015,2
DARK SOULS(TM) III,2016,6
DARK SOULS(TM): PREPARE TO DIE(TM) EDITION,2012,1
DARK SOULS(TM): PREPARE TO DIE(TM) EDITION,2014,8
DARK SOULS(TM): PREPARE TO DIE(TM) EDITION,2015,3
DARKEST DUNGEON(R),2015,3
DARKEST DUNGEON(R),2016,1
DARKWIND: WAR ON WHEELS,2014,1
DAY OF DEFEAT: SOURCE,2014,1
DAY ONE : GARRY'S INCIDENT,2013,1
DAY ONE : GARRY'S INCIDENT,2014,4
DAY ONE : GARRY'S INCIDENT,2015,1
DAYS UNDER CUSTODY,2015,1
DAYZ,2013,21
DAYZ,2014,37
DAYZ,2015,41
DC UNIVERSE(TM) ONLINE,2014,1
DC UNIVERSE(TM) ONLINE,2015,3
DEAD BITS,2014,3
DEAD BITS,2015,3
DEAD EFFECT,2015,1
DEAD ISLAND: RIPTIDE DEFINITIVE EDITION,2016,1
DEAD OR ALIVE 5 LAST ROUND: CORE FIGHTERS,2015,1
DEAD RISING 2: OFF THE RECORD,2014,1
DEAD RISING 3 APOCALYPSE EDITION,2014,2
DEAD RISING(R),2016,1
DEAD RISING(R) 2,2014,1
DEAD RISING(R) 2,2015,2
DEAD SKY,2013,1
DEADLIGHT,2012,1
DEADLIGHT,2013,1
DEADLIGHT,2015,2
DEEP DUNGEONS OF DOOM,2015,1
DEEPWORLD,2015,1
DEER HUNT LEGENDS,2015,1
DEFCON,2014,1
DEFENSE TECHNICA,2013,1
DEFIANCE,2014,5
DEFY GRAVITY EXTENDED,2015,1
DELVE DEEPER,2014,1
DELVER,2013,1
DEMOCRACY 2,2014,1
DEMONLISHER,2014,1
DEPRESSION QUEST,2014,4
DEPRESSION QUEST,2015,1
DETOUR,2015,1
DEUS EX: GAME OF THE YEAR EDITION,2015,2
DEUS EX: MANKIND DIVIDED,2016,1
DEUS EX: THE FALL,2014,3
DEVIL MAY CRY(R) 3 SPECIAL EDITION,2014,1
DIG IT! - A DIGGER SIMULATOR,2014,1
DIGGER ONLINE,2015,1
DINO D-DAY,2014,1
DINOSAUR HUNT,2015,2
DIRT RALLY,2010,1
DIRTY BOMB(R),2010,3
DIRTY BOMB(R),2015,14
DISHONORED: DUNWALL CITY TRIALS,2012,1
DISNEY*PIXAR CARS 2: THE VIDEO GAME,2015,1
DON'T STARVE TOGETHER,2015,1
DON'T STARVE: SHIPWRECKED,2015,1
DOOM,2016,1
DOOM 3,2014,1
DOOM 3 RESURRECTION OF EVIL,2015,1
DOTA 2,2010,5
DOTA 2,2012,1
DOTA 2,2013,3
DOTA 2,2014,19
DOTA 2,2015,14
DOUBLE ACTION: BOOGALOO,2015,1
"DR. LANGESKOV, THE TIGER, AND THE TERRIBLY CURSED EMERALD: A WHIRLWIND HEIST",2015,1
DRAGON NEST,2013,1
DRAGON: THE GAME,2014,1
DREAM,2014,1
DREAM,2015,1
DRIFT STREETS JAPAN,2015,3
DUBWARS DEMO,2015,1
DUET,2015,1
DUKE NUKEM FOREVER,2011,1
DUKE NUKEM FOREVER,2014,1
DUNGEON DEFENDERS ETERNITY,2014,1
DUNGEON DEFENDERS II,2015,3
DUNGEON SIEGE II,2015,1
DUNGEONLAND,2015,1
DUNGEONS AND DRAGONS: DAGGERDALE,2013,1
DYING LIGHT,2015,3
E.Y.E: DIVINE CYBERMANCY,2011,1
E.Y.E: DIVINE CYBERMANCY,2013,1
EADOR. MASTERS OF THE BROKEN WORLD,2013,1
EDGE OF SPACE,2014,3
EDGE OF SPACE,2015,2
ELITE DANGEROUS,2010,1
ELITE DANGEROUS,2015,6
ELSWORD,2014,2
EMILY IS AWAY,2015,3
EMPYRION - GALACTIC SURVIVAL,2015,1
ENCLAVE,2014,1
ENCLAVE,2015,1
ENFORCER: POLICE CRIME ACTION,2015,1
ENIGMATIS 2: THE MISTS OF RAVENWOOD,2013,1
ENTER THE GUNGEON,2016,1
EON ALTAR,2016,1
EPIC CARDS BATTLE(TCG),2015,1
ESTRANGED: ACT I,2014,1
EURO TRUCK SIMULATOR,2015,1
EURO TRUCK SIMULATOR 2,2013,1
EURO TRUCK SIMULATOR 2,2015,1
EUROPA UNIVERSALIS IV,2014,1
EVE ONLINE,2014,3
EVERLASTING SUMMER,2014,1
EVOLAND,2014,1
EVOLAND,2015,1
EVOLVE STAGE 2,2015,14
EXCUBITOR,2016,1
EXECUTIVE ASSAULT,2015,1
EXPANSION - CRUSADER KINGS II: CONCLAVE,2016,1
EXPLODEMON,2014,1
F.E.A.R. 3,2013,1
F.E.A.R. 3,2014,1
F.E.A.R. 3,2015,1
F1 2014,2014,1
F1 2015,2015,2
FACE IT - A GAME TO FIGHT INNER DEMONS,2015,1
FACERIG,2015,2
FAERIA,2017,1
FALLEN EARTH FREE2PLAY,2014,1
FALLEN EARTH FREE2PLAY,2015,1
FALLOUT 3: GAME OF THE YEAR EDITION,2014,1
FALLOUT 4,2015,6
FALLOUT 4 - CONTRAPTIONS WORKSHOP,2016,1
FALLOUT 4 SEASON PASS,2016,1
FALLOUT NEW VEGAS: DEAD MONEY,2014,1
FALLOUT: NEW VEGAS,2010,1
FALLOUT: NEW VEGAS,2015,3
FAR CRY 3,2012,1
FAR CRY 3,2013,2
FAR CRY 3,2014,4
FAR CRY 3,2015,1
FAR CRY 3 - BLOOD DRAGON,2014,1
FAR CRY 3 - BLOOD DRAGON,2015,1
FAR CRY(R) 4,2014,1
FAR CRY(R) 4,2015,1
FARMING SIMULATOR 15,2014,1
FEZ,2013,1
FEZ,2015,1
FIESTA ONLINE NA,2015,1
FINAL FANTASY TYPE-0(TM) HD,2015,1
FINAL FANTASY XIV ONLINE,2014,1
FINAL FANTASY(R) XIII,2014,1
FINAL FANTASY(R) XIII-2,2015,2
FIREFLY ONLINE CORTEX,2015,1
FIREWATCH,2016,3
FISTFUL OF FRAGS,2014,3
FIVE NIGHTS AT FREDDY'S,2014,1
FIVE NIGHTS AT FREDDY'S,2015,2
FIVE NIGHTS AT FREDDY'S 2,2014,1
FIVE NIGHTS AT FREDDY'S 3,2015,1
FIVE NIGHTS AT FREDDY'S 4,2015,2
FLATOUT 3: CHAOS & DESTRUCTION,2015,1
FLEETCOMM,2016,1
FLIGHT OF THE ICARUS,2014,1
FORSAKEN FORTRESS STRATEGY,2015,1
FORTRESS FOREVER,2010,1
FORTRESS FOREVER,2015,1
FORTRESSCRAFT EVOLVED!,2014,1
FORTRESSCRAFT EVOLVED!,2015,2
FRACTURED SPACE,2016,3
FRANCISCA,2016,1
FREESTYLE 2: STREET BASKETBALL,2015,3
FRESHMAN YEAR,2015,1
FROM DUST,2011,1
FRONTLINE : ROAD TO MOSCOW,2014,1
FROZEN FREE FALL: SNOWBALL FIGHT,2015,2
FROZEN SYNAPSE,2014,1
G-BALL,2014,1
GABE NEWELL SIMULATOR 2.0,2015,1
GALACTIC CIVILIZATIONS(R) II: ULTIMATE EDITION,2014,1
GALAXY ON FIRE 2(TM) FULL HD,2014,1
GAME CORP DX,2015,1
GAME DEV TYCOON,2013,1
GAME DEV TYCOON,2015,1
GAME OF THRONES,2014,1
GAME OF THRONES,2015,1
GAME OF THRONES - A TELLTALE GAMES SERIES,2014,3
GAME OF THRONES - A TELLTALE GAMES SERIES,2015,3
GAME TYCOON 1.5,2014,2
GAMES OF GLORY,2015,1
GANG BEASTS,2015,2
GARRY'S MOD,2010,4
GARRY'S MOD,2013,2
GARRY'S MOD,2014,12
GARRY'S MOD,2015,11
GARSHASP: THE MONSTER SLAYER,2014,1
GAUNTLET(TM) SLAYER EDITION,2014,3
GEAR UP,2014,2
GEAR UP,2015,5
GENESIS ONLINE,2015,1
GEOMETRY DASH,2014,2
GET OFF MY LAWN!,2014,1
GLACIER 3: THE MELTDOWN,2010,1
GLACIER 3: THE MELTDOWN,2015,1
GNOMORIA,2015,2
GNOMORIA,2016,1
GO! GO! NIPPON! ~MY FIRST TRIP TO JAPAN~,2014,1
GO! GO! NIPPON! ~MY FIRST TRIP TO JAPAN~,2015,1
GOAT SIMULATOR,2014,11
GOAT SIMULATOR,2015,6
GOLF WITH YOUR FRIENDS,2016,1
GONE HOME,2014,2
GONE HOME,2015,3
GOTHAM CITY IMPOSTORS FREE TO PLAY,2013,1
GOTHAM CITY IMPOSTORS FREE TO PLAY,2014,1
GOTHAM CITY IMPOSTORS FREE TO PLAY,2015,2
GRANADO ESPADA,2010,1
GRAND THEFT AUTO V,2015,22
GRAND THEFT AUTO: SAN ANDREAS,2014,2
GRAND THEFT AUTO: SAN ANDREAS,2015,1
GRATUITOUS SPACE BATTLES,2013,1
GRAV,2015,2
GRAVILON,2015,1
GRID 2,2014,1
GUARDIANS OF ORION,2015,1
GUMBOY TOURNAMENT,2014,1
GUNPOINT,2014,2
GUNS AND ROBOTS,2014,2
GUNS AND ROBOTS,2015,1
GUNS OF ICARUS ONLINE,2013,1
GUNS OF ICARUS ONLINE,2014,2
GUNZ 2: THE SECOND DUEL,2014,3
HALF DEAD,2016,1
HALF MINUTE HERO: SUPER MEGA NEO CLIMAX ULTIMATE BOY,2015,1
HALF MINUTE HERO: THE SECOND COMING,2014,1
HALF-LIFE 2,2010,1
HALF-LIFE 2,2014,4
HALF-LIFE 2,2015,1
HALF-LIFE 2: DEATHMATCH,2015,1
HALF-LIFE DEATHMATCH: SOURCE,2014,1
HALF-LIFE: BEFORE,2010,1
HALF-LIFE: BEFORE,2013,4
HALF-LIFE: BEFORE,2015,1
HALF-LIFE: OPPOSING FORCE,2014,1
HALF-LIFE: SOURCE,2015,1
HAMMERFIGHT,2014,1
HAMMERWATCH,2014,1
HEARTS OF IRON III,2010,1
HEARTS OF IRON III,2014,1
HEARTS OF IRON IV,2016,1
HEAVY FIRE: AFGHANISTAN,2015,1
HEKTOR,2015,1
HELI HEROES,2014,1
HELIBORNE,2017,1
HERO ACADEMY,2012,1
HERO SIEGE,2014,2
HERO SIEGE,2015,1
HEROES & GENERALS,2014,8
HEROES & GENERALS,2015,19
HEROES & GENERALS,2016,11
HEROES OF SOULCRAFT - ARCADE MOBA,2015,1
HEROES(R) OF MIGHT & MAGIC(R) III - HD EDITION,2015,1
HIS (HEROES IN THE SKY),2015,1
HITMAN: ABSOLUTION(TM),2014,1
HITMAN: ABSOLUTION(TM),2015,1
HITMAN: CODENAME 47,2015,1
HOME,2015,1
HOMEWORLD REMASTERED COLLECTION,2015,1
HOSPITAL MANAGER,2015,1
HOSPITAL TYCOON,2014,1
HOUNDS : THE LAST HOPE,2016,1
HOW TO SURVIVE,2015,1
HOW TO SURVIVE 2,2015,1
HURTWORLD,2015,2
HYDROPHOBIA: PROPHECY,2014,1
HYPER LIGHT DRIFTER,2016,1
HYPERDEVOTION NOIRE: GODDESS BLACK HEART (NEPTUNIA),2016,1
HYPERDIMENSION NEPTUNIA RE;BIRTH1 / CHAO CI CI YUAN GEIMU NEPUTEYU-NURE;BIRTH1 / CHAO CI CI YUAN YOU XI ZHAN JI SHAO NU ZHONG SHENG 1,2015,1
HYPERDIMENSION NEPTUNIA RE;BIRTH2: SISTERS GENERATION / CHAO CI CI YUAN GEIMU NEPUTEYU-NURE;BIRTH2,2015,1
I AM BREAD,2014,1
I AM BREAD,2015,1
IESABEL,2013,1
IGT SLOTS PARADISE GARDEN,2015,1
IL-2 STURMOVIK: 1946,2014,1
IMPIRE,2014,1
INDUSTRY EMPIRE,2014,1
INJUSTICE: GODS AMONG US ULTIMATE EDITION,2013,1
INSTANT DUNGEON!,2014,1
INSURGENCY,2014,6
INSURGENCY,2015,3
INSURGENCY: MODERN INFANTRY COMBAT,2015,1
INTERSTELLAR MARINES,2015,1
INTRUSION 2,2014,1
INVISIBLE APARTMENT,2015,1
IRON SNOUT,2016,1
IRON WARRIORS: T - 72 TANK COMMAND,2013,1
JACK NICKLAUS PERFECT GOLF,2015,1
JAGGED ALLIANCE FLASHBACK,2015,1
JALOPY,2016,1
JAZZPUNK: DIRECTOR'S CUT,2014,1
JET SET RADIO,2014,1
JUST CAUSE,2015,1
JUST CAUSE 2,2010,1
JUST CAUSE 2,2013,1
JUST CAUSE 2,2014,1
JUST CAUSE 2,2015,2
JUST CAUSE 2: MULTIPLAYER MOD,2013,1
JUST CAUSE(TM) 3,2015,8
KANE & LYNCH 2: DOG DAYS,2010,1
KANE & LYNCH 2: DOG DAYS,2015,1
KARATE MASTER 2 KNOCK DOWN BLOW,2015,1
KERBAL SPACE PROGRAM,2015,1
KICKBEAT STEAM EDITION,2014,1
KILLING FLOOR,2014,3
KILLING FLOOR,2015,1
KILLING FLOOR 2,2015,5
KILLING FLOOR 2,2016,3
KILLING FLOOR: UNCOVERED,2015,2
KING'S BOUNTY: DARK SIDE,2014,1
KING'S BOUNTY: LEGIONS,2014,1
KINGDOM WARS,2014,1
KINGDOM: NEW LANDS,2016,1
KINGDOMS OF AMALUR: RECKONING(TM),2014,1
KNIGHT ONLINE,2016,1
KNIGHTMARE TOWER,2014,1
L.A. NOIRE,2014,1
LA-MULANA,2013,1
LAMBDA WARS BETA,2015,1
LARA CROFT AND THE TEMPLE OF OSIRIS(TM),2014,1
LEAD AND GOLD: GANGS OF THE WILD WEST,2010,1
LEAD AND GOLD: GANGS OF THE WILD WEST,2015,1
LEFT 4 DEAD 2,2010,2
LEFT 4 DEAD 2,2013,1
LEFT 4 DEAD 2,2014,2
LEGO BATMAN,2014,1
LEGO(R) BATMAN(TM)3: BEYOND GOTHAM,2015,1
LEGO(R) MARVEL(TM) SUPER HEROES,2015,1
LEGO(R) THE HOBBIT(TM),2014,1
LEISURE SUIT LARRY IN THE LAND OF THE LOUNGE LIZARDS: RELOADED,2015,1
LET THE CAT IN,2015,1
LICHDOM: BATTLEMAGE,2015,1
LIFE IS FEUDAL: YOUR OWN,2014,2
LIFE IS FEUDAL: YOUR OWN,2015,4
LIFE IS STRANGE - EPISODE 1,2015,5
LIFELESS PLANET PREMIER EDITION,2014,1
LIFTOFF,2015,1
LITTLE KING'S STORY,2016,1
LOADOUT,2014,21
LOADOUT,2015,6
LOOTFEST,2015,1
LORD OF THE RINGS: WAR IN THE NORTH,2015,1
LORDS OF FOOTBALL,2013,1
LORDS OF THE BLACK SUN,2014,1
LORDS OF THE FALLEN(TM),2014,3
LUCID9: INCITING INCIDENT,2016,1
LUCIUS,2014,1
LUME,2014,1
LUNAR FLIGHT,2014,1
MABINOGI,2014,2
MABINOGI,2015,1
MACHINECRAFT,2016,2
MAGIC BARRAGE - BITFERNO,2010,1
MAGIC DUELS,2015,1
MAGICKA,2014,1
MAGICKA 2,2015,1
MAGRUNNER: DARK PULSE,2014,1
MAKE IT INDIE!,2015,2
MAPLESTORY,2013,1
MAPLESTORY,2014,2
MAPLESTORY,2015,3
MARINE SHARPSHOOTER II: JUNGLE WARFARE,2015,1
MARS: WAR LOGS,2014,1
MARVEL PUZZLE QUEST,2013,1
MARVEL PUZZLE QUEST,2014,1
MAX PAYNE 2: THE FALL OF MAX PAYNE,2015,1
MAX PAYNE 3,2014,3
MCPIXEL,2014,1
MECHWARRIOR ONLINE(TM),2015,1
MEDAL OF HONOR(TM),2014,2
MEDAL OF HONOR(TM),2015,1
MEDIEVAL ENGINEERS,2015,2
MEGA MAN LEGACY COLLECTION / ROTSUKUMAN KURASHITSUKUSU KOREKUSHIYON,2015,1
MEMENTO MORI 2,2015,1
MEN OF WAR(TM),2010,2
MEN OF WAR: ASSAULT SQUAD 2,2015,2
MEN OF WAR: VIETNAM,2011,1
MERCENARY KINGS,2014,2
METAL GEAR SOLID V: THE PHANTOM PAIN,2015,4
METAL SLUG 3,2014,1
MIDDLE-EARTH(TM): SHADOW OF MORDOR(TM),2014,4
MIDDLE-EARTH(TM): SHADOW OF MORDOR(TM),2015,2
MIGHT & MAGIC HEROES ONLINE,2015,2
MIGHT & MAGIC(R) HEROES(R) VII,2015,3
MIGHT & MAGIC: HEROES VI,2014,1
MIGHTY NO. 9,2016,1
MINECRAFT: STORY MODE - A TELLTALE GAMES SERIES,2015,2
MINIMUM,2014,2
MINIMUM,2015,2
MIRROR'S EDGE(TM),2010,1
MIRROR'S EDGE(TM),2014,2
MIRROR'S EDGE(TM),2015,1
MISCREATED,2014,5
MISCREATED,2015,1
MODULAR COMBAT,2015,1
MONSTER JAM BATTLEGROUNDS,2015,1
MORPHOPOLIS,2015,1
MORTAL KOMBAT KOMPLETE EDITION,2014,1
MORTAL KOMBAT X,2015,18
MOUNT & BLADE: WARBAND - NAPOLEONIC WARS,2015,1
MOUNTAIN,2014,2
MOUNTAIN,2015,1
MOVE OR DIE,2016,1
MURDER MINERS,2014,2
MURDERED: SOUL SUSPECT,2014,1
MX VS. ATV REFLEX,2010,1
MXGP2 - THE OFFICIAL MOTOCROSS VIDEOGAME,2016,1
NAIL'D,2014,1
NAPOLEON: TOTAL WAR(TM),2014,1
NARUTO SHIPPUDEN: ULTIMATE NINJA STORM 3 FULL BURST HD,2013,1
NATURAL SELECTION 2,2013,1
NATURAL SELECTION 2,2015,1
NBA 2K16,2015,8
NECROPOLIS: BRUTAL EDITION,2010,2
NEED FOR SPEED: HOT PURSUIT,2010,1
NEED FOR SPEED: HOT PURSUIT,2014,2
NEOTOKYO,2014,2
NETHER: RESURRECTED,2013,2
NETHER: RESURRECTED,2014,9
NETHER: RESURRECTED,2015,3
NEVER ALONE (KISIMA INGITCHUNA),2015,1
NEXT CAR GAME: WRECKFEST,2014,3
NEXT CAR GAME: WRECKFEST,2015,1
NIDHOGG,2014,1
NIDHOGG,2015,1
NO MAN'S SKY,2016,73
NO MORE ROOM IN HELL,2011,1
NO MORE ROOM IN HELL,2013,3
NO MORE ROOM IN HELL,2014,5
NOMAD,2015,1
NUCLEAR DAWN,2015,1
ODDWORLD: STRANGER'S WRATH HD,2010,1
OFF-ROAD DRIVE,2015,1
OFFWORLD TRADING COMPANY,2015,1
ON MY OWN,2015,1
ONE PIECE PIRATE WARRIORS 3,2015,1
ONE WAY TO DIE: STEAM EDITION,2015,1
ONIKIRA - DEMON KILLER,2015,1
ONLY IF,2014,2
OPERATION FLASHPOINT: DRAGON RISING,2015,1
OPERATION FLASHPOINT: RED RIVER,2014,1
ORCS MUST DIE! 2,2015,1
ORION: PRELUDE,2013,4
ORION: PRELUDE,2014,17
ORION: PRELUDE,2015,2
OUR DARKER PURPOSE,2014,1
OUTLAST,2014,1
OVER THE VOID,2014,1
OVERGROWTH,2015,1
OVERLORD: FELLOWSHIP OF EVIL,2015,1
PACIFIC STORM ALLIES,2014,1
PALADINS(R),2016,1
"PAPERS, PLEASE",2014,1
PARANAUTICAL ACTIVITY: DELUXE ATONEMENT EDITION,2013,1
PAYDAY 2,2010,13
PAYDAY 2,2013,1
PAYDAY 2,2014,16
PAYDAY 2,2015,47
PAYDAY 2: GAGE CHIVALRY PACK,2015,1
PAYDAY 2: HOTLINE MIAMI,2014,2
PAYDAY 2: WOLF PACK,2016,1
PAYDAY 2: YAKUZA CHARACTER PACK,2015,1
PAYDAY(TM) THE HEIST,2011,1
PAYDAY(TM) THE HEIST,2012,1
PAYDAY(TM) THE HEIST,2014,1
PAYDAY(TM) THE HEIST,2015,1
PILLARS OF ETERNITY,2015,1
PIXEL PIRACY,2014,1
PIXEL PUZZLES: JAPAN,2015,1
PLANET OF THE EYES,2015,1
PLANETBASE,2015,2
PLANETSIDE 2,2012,3
PLANETSIDE 2,2013,2
PLANETSIDE 2,2014,3
PLANETSIDE 2,2015,5
PLUG & PLAY,2015,1
POKER NIGHT 2,2013,1
POKER NIGHT 2,2015,1
POKER NIGHT AT THE INVENTORY,2010,1
POKER NIGHT AT THE INVENTORY,2014,4
POKER NIGHT AT THE INVENTORY,2015,2
PONY ISLAND,2016,1
POOL NATION,2014,1
POOL NATION FX - UNLOCK ONLINE,2015,1
PORT ROYALE 2,2013,1
PORTAL 2,2015,1
PORTAL 2 SIXENSE PERCEPTUAL PACK,2014,1
PORTAL STORIES: MEL,2015,1
POSTAL 2,2015,1
POSTAL III,2011,2
POSTAL III,2014,2
POSTAL III,2015,2
POUND OF GROUND,2013,1
PRIMAL CARNAGE,2012,1
PRIMAL CARNAGE,2013,2
PRIMAL CARNAGE: EXTINCTION,2015,2
PRIMAL FEARS,2014,1
PRISON ARCHITECT,2014,1
PRISON ARCHITECT,2015,1
PRO GAMER MANAGER,2015,1
PRO GAMER MANAGER,2016,1
PROJECT CARS,2010,1
PROJECT CARS,2015,1
PROTEUS,2013,1
PROTOTYPE 2,2014,1
PUZZLE PIRATES,2014,1
QUAKE LIVE(TM),2015,1
R.A.W. REALMS OF ANCIENT WAR,2014,1
RACEROOM RACING EXPERIENCE,2014,5
RACEROOM RACING EXPERIENCE,2015,1
RAGE,2013,1
RAGNAROK CLICKER,2016,1
RAGNAROK ONLINE 2,2014,1
RATZ INSTAGIB,2016,1
RAYMAN(R) ORIGINS,2015,1
REAL HORROR STORIES ULTIMATE EDITION,2014,1
REAL HORROR STORIES ULTIMATE EDITION,2015,1
REALM OF THE MAD GOD,2012,2
REALM OF THE MAD GOD,2013,1
REALM OF THE MAD GOD,2014,10
REALM OF THE MAD GOD,2015,5
RECEIVER,2014,1
RED CRUCIBLE(R): FIRESTORM,2015,5
RED FACTION GUERRILLA STEAM EDITION,2010,1
RED FACTION(R): ARMAGEDDON(TM),2012,1
RED ORCHESTRA 2: HEROES OF STALINGRAD WITH RISING STORM,2011,1
REIGN OF KINGS,2015,12
REIGNMAKER,2014,1
RESIDENT EVIL 4 / BIOHAZARD 4,2014,2
RESIDENT EVIL REVELATIONS / BIOHAZARD REVELATIONS,2013,1
RESIDENT EVIL REVELATIONS 2 / BIOHAZARD REVELATIONS 2,2015,2
RESIDENT EVIL(TM) 5/ BIOHAZARD 5(R),2013,1
RESIDENT EVIL: OPERATION RACCOON CITY,2012,1
RESIDENT EVIL: OPERATION RACCOON CITY,2015,2
RESILIENCE: WAVE SURVIVAL,2015,1
RIDERS OF ICARUS,2016,2
RIFT,2014,1
RISE OF FLIGHT UNITED,2015,2
RISE OF NATIONS: EXTENDED EDITION,2014,1
RISE OF VENICE,2013,1
RISEN 2: DARK WATERS,2015,1
RISEN 3 - TITAN LORDS,2014,1
RISK OF RAIN,2014,1
ROBOCRAFT,2014,15
ROBOCRAFT,2015,11
ROBOCRAFT,2017,14
ROBOT ROLLER-DERBY DISCO DODGEBALL,2015,1
ROCKET LEAGUE(R),2015,7
ROCKET LEAGUE(R) - BACK TO THE FUTURE(TM) CAR PACK,2015,1
ROCKETBIRDS: HARDBOILED CHICKEN,2014,1
ROD: REVOLT OF DEFENSE,2016,1
ROGUE STORMERS,2015,1
ROLLERCOASTER TYCOON WORLD(TM),2016,2
ROMERO'S AFTERMATH,2015,5
RONIN,2015,1
ROOMS: THE MAIN BUILDING,2015,1
ROSE ONLINE,2013,1
RUSH,2015,1
RUSH BROS.,2014,1
RUST,2013,20
RUST,2014,12
RUST,2015,23
RYSE: SON OF ROME,2014,1
S.T.A.L.K.E.R.: SHADOW OF CHERNOBYL,2014,1
SACRED 2 GOLD,2012,1
SACRED 3,2014,2
SAINTS ROW 2,2015,1
SAINTS ROW IV,2013,2
SAINTS ROW IV,2014,4
SAINTS ROW IV,2015,1
SAINTS ROW: GAT OUT OF HELL,2015,4
SAINTS ROW: THE THIRD,2011,1
SANCTUM 2,2013,1
SANCTUM 2,2014,1
SANCTUM 2,2015,1
SANG-FROID - TALES OF WEREWOLVES,2015,1
SAVAGE LANDS,2015,2
SCHOOL OF DRAGONS,2014,2
SCRAP MECHANIC,2016,3
SCRAPS: MODULAR VEHICLE COMBAT,2015,1
SCRIBBLENAUTS UNLIMITED,2015,2
SEPTERRA CORE,2010,1
SERIOUS SAM 2,2015,1
SERIOUS SAM: THE RANDOM ENCOUNTER,2011,1
SHADOW HARVEST: PHANTOM OPS,2014,1
SHADOW WARRIOR,2015,1
SHELTER 2,2015,1
SHERLOCK HOLMES: CRIMES AND PUNISHMENTS,2014,1
SHERLOCK HOLMES: THE MYSTERY OF THE MUMMY,2014,1
SHIFT 2 UNLEASHED,2014,1
SHIP SIMULATOR EXTREMES,2015,1
SHOWER WITH YOUR DAD SIMULATOR 2015: DO YOU STILL SHOWER WITH YOUR DAD,2015,1
SHROUD OF THE AVATAR: FORSAKEN VIRTUES,2014,1
SID MEIER'S CIVILIZATION(R) V,2014,1
SID MEIER'S CIVILIZATION(R) V,2015,3
SID MEIER'S CIVILIZATION(R): BEYOND EARTH(TM),2014,1
SID MEIER'S CIVILIZATION(R): BEYOND EARTH(TM),2015,4
SIGNS OF LIFE,2014,1
SIMCITY(TM) 4 DELUXE EDITION,2013,1
SIMPLEPLANES,2015,1
"SIR, YOU ARE BEING HUNTED",2014,1
SIRIUS ONLINE,2015,1
SKARA - THE BLADE REMAINS,2014,1
SKULLGIRLS,2014,1
SKULLGIRLS,2015,1
SKY VALLEY,2016,1
SLASH OR DIE,2016,1
SLEEPING DOGS,2014,2
SLEEPING DOGS - HIGH RESOLUTION TEXTURE PACK,2014,1
SLEEPING DOGS: DEFINITIVE EDITION,2014,1
SLENDER: THE ARRIVAL,2014,1
SMITE(R),2015,1
SNIPER ELITE 3,2014,1
SNIPER ELITE V2,2014,4
SNIPER ELITE: NAZI ZOMBIE ARMY,2014,1
SNIPER ELITE: NAZI ZOMBIE ARMY 2,2014,1
SNIPER: GHOST WARRIOR,2013,1
SNIPER: GHOST WARRIOR,2015,1
SNIPER: GHOST WARRIOR 2,2014,1
SNOW,2014,1
SNOW,2015,2
SOLDIER FRONT 2,2015,1
SONIC ADVENTURE DX,2014,1
SONIC ADVENTURE DX,2015,1
SONIC GENERATIONS COLLECTION,2014,1
SONIC THE HEDGEHOG 4 - EPISODE I,2012,1
SOUL GAMBLER,2015,1
SOUTH PARK(TM): THE STICK OF TRUTH(TM),2014,1
SPACE PIRATES AND ZOMBIES,2013,1
SPACE TRADER: MERCHANT MARINE,2014,2
SPACEBASE DF-9,2014,1
SPACEBASE DF-9,2015,1
SPACECHEM,2014,1
SPACECORN,2015,1
SPARKLE 2 EVO,2014,1
SPATE,2014,1
SPEC OPS: THE LINE,2015,1
SPEEDRUNNERS,2014,1
SPEEDRUNNERS,2015,1
SPELUNKY,2013,1
SPINTIRES(TM),2015,1
SPIRAL KNIGHTS,2011,1
SPIRAL KNIGHTS,2014,5
SPOILER ALERT,2014,1
SPOOKY'S JUMP SCARE MANSION,2015,1
SPORE(TM),2015,2
SQUAD,2015,2
STAR CONFLICT,2014,1
STAR CONFLICT,2015,1
STAR TREK ONLINE,2010,1
STAR TREK ONLINE,2014,3
STAR WARS(TM) - KNIGHTS OF THE OLD REPUBLIC(TM),2015,1
STAR WARS(TM) - THE FORCE UNLEASHED(TM) ULTIMATE SITH EDITION,2010,1
STAR WARS(TM) - THE FORCE UNLEASHED(TM) ULTIMATE SITH EDITION,2015,2
STAR WARS(TM) GALACTIC BATTLEGROUNDS SAGA,2010,1
STAR WARS(TM): THE FORCE UNLEASHED(TM) II,2015,3
"STAR WARS: BATTLEFRONT 2 (CLASSIC, 2005)",2014,1
"STAR WARS: BATTLEFRONT 2 (CLASSIC, 2005)",2015,1
STARBOUND,2013,1
STARBOUND,2014,3
STARBOUND,2015,3
STARBOUND,2016,1
STARDRIVE,2014,1
STARMADE,2014,1
STARPOINT GEMINI 2,2014,1
STARSEED PILGRIM,2014,1
STATE OF DECAY,2013,3
STATE OF DECAY,2014,2
STATE OF DECAY,2015,1
STEAM CONTROLLER,2015,1
STEEL OCEAN,2015,2
STELLARIS,2016,3
STIGMAT,2015,1
STOP ONLINE - BATTLE OF WORDS,2016,1
STRANDED DEEP,2015,4
STREET FIGHTER V,2016,3
STRIDER(TM) / SUTORAIDA-FEI LONG (R),2014,1
STRIKE VECTOR,2014,2
STRIKE.IS: THE GAME,2016,1
STRONGHOLD CRUSADER 2,2014,2
STRONGHOLD CRUSADER HD,2014,1
STRONGHOLD KINGDOMS,2013,1
STRONGHOLD KINGDOMS,2014,4
STYX: MASTER OF SHADOWS,2014,1
SUBNAUTICA,2010,1
SUNLESS SEA,2014,1
SUPER CRATE BOX,2014,1
SUPER DISTRO,2015,2
SUPER HEXAGON,2013,2
SUPER HEXAGON,2014,1
SUPER MNC,2014,2
SUPER MNC,2015,1
SUPERHOT,2016,1
SURGEON SIMULATOR,2013,2
SURGEON SIMULATOR,2014,4
SURVARIUM,2015,4
SURVIVAL: POSTAPOCALYPSE NOW,2015,3
SVEN CO-OP,2010,2
SWORD OF THE STARS II: ENHANCED EDITION,2014,1
SWORD OF THE STARS: THE PIT,2015,1
SZONE-ONLINE,2015,1
TACTICAL INTERVENTION,2013,4
TACTICAL INTERVENTION,2014,11
TACTICAL INTERVENTION,2015,7
TALES OF MAJ'EYAL,2015,1
TALES OF ZESTIRIA,2015,1
TALES RUNNER,2015,1
TALISMAN: DIGITAL EDITION,2014,1
TEA PARTY SIMULATOR 2015(TM),2015,2
TEAM FORTRESS 2,2010,26
TEAM FORTRESS 2,2011,1
TEAM FORTRESS 2,2012,1
TEAM FORTRESS 2,2013,7
TEAM FORTRESS 2,2014,12
TEAM FORTRESS 2,2015,11
TEAM FORTRESS CLASSIC,2010,1
TEAM FORTRESS CLASSIC,2013,1
TEAM FORTRESS CLASSIC,2015,2
TERA,2015,2
TERRA INCOGNITA ~ CHAPTER ONE: THE DESCENDANT,2015,1
TERRARIA,2011,1
TERRARIA,2013,1
TERRARIA,2015,5
TERRATECH,2015,1
TERRORHEDRON TOWER DEFENSE,2015,1
TESLAGRAD,2014,1
THARSIS,2016,1
"THAT DRAGON, CANCER",2016,1
THE BALL,2013,1
THE BALL,2015,1
THE BEGINNER'S GUIDE,2015,2
THE BINDING OF ISAAC,2013,1
THE BINDING OF ISAAC,2014,2
THE BLACK DEATH,2016,2
THE BUREAU: XCOM DECLASSIFIED,2014,1
THE CENTER - ARK EXPANSION MAP,2016,1
THE CREW(TM),2014,1
THE DARKNESS II,2014,1
THE ELDER SCROLLS IV: OBLIVION(R) GAME OF THE YEAR EDITION,2013,1
THE ELDER SCROLLS(R) ONLINE: TAMRIEL UNLIMITED(TM),2014,2
THE ELDER SCROLLS(R) ONLINE: TAMRIEL UNLIMITED(TM),2015,3
THE ESCAPISTS,2015,4
THE EVIL WITHIN,2014,2
THE FALL,2014,1
THE FIFTH DAY,2015,1
THE FOREST,2014,6
THE FOREST,2015,1
THE FOUR KINGS CASINO AND SLOTS,2015,1
THE GUILD II RENAISSANCE,2010,1
THE HAT MAN: SHADOW WARD,2015,2
THE INTERVIEW,2015,1
THE KINGS' CRUSADE,2012,1
THE LAST REMNANT(TM),2010,1
THE MASTERPLAN,2015,1
THE MEAN GREENS - PLASTIC WARFARE,2015,3
THE MOON SLIVER,2014,1
THE PARK,2015,3
THE PLAN,2014,3
THE SANDBOX,2015,1
THE SETTLERS ONLINE,2015,2
THE SHIP: MURDER PARTY,2014,1
THE SHOPKEEPER,2014,1
THE SHOWDOWN EFFECT,2014,1
THE SIMS(TM) 3,2014,2
THE STALIN SUBWAY,2014,1
THE STANLEY PARABLE,2013,1
THE STATIC SPEAKS MY NAME,2015,1
THE WALKING DEAD,2015,1
THE WALKING DEAD: MICHONNE - A TELLTALE MINISERIES,2016,1
THE WALKING DEAD: SEASON 2,2014,1
THE WALKING DEAD: SEASON 2,2015,2
THE WAY OF LIFE FREE EDITION,2015,5
THE WITCHER 2: ASSASSINS OF KINGS ENHANCED EDITION,2014,1
THE WOLF AMONG US,2013,1
THE WOLF AMONG US,2015,1
THEHUNTER CLASSIC,2014,17
THEHUNTER CLASSIC,2015,7
THEHUNTER: PRIMAL,2015,2
THEY BREATHE,2014,1
THIEF,2014,3
THIEF,2015,1
THIEF: DEADLY SHADOWS,2010,1
THINKING WITH TIME MACHINE,2014,1
THIRTY FLIGHTS OF LOVING,2013,1
THIRTY FLIGHTS OF LOVING,2014,1
TIME RAMESSIDE (A NEW RECKONING),2014,1
TINY TROOPERS,2014,1
TITAN ATTACKS!,2015,1
TOKYO HOSTO,2013,1
TOM CLANCY'S GHOST RECON: FUTURE SOLDIER(TM),2012,2
TOM CLANCY'S RAINBOW SIX LOCKDOWN(TM),2015,1
TOM CLANCY'S RAINBOW SIX(R) SIEGE,2015,11
TOM CLANCY'S SPLINTER CELL BLACKLIST,2014,1
TOM CLANCY'S SPLINTER CELL BLACKLIST,2015,1
TOM CLANCY'S SPLINTER CELL(R),2010,1
TOM CLANCY'S THE DIVISION(TM),2016,8
TOM CLANCY'S THE DIVISION(TM) - FRONTLINE OUTFITS PACK,2016,1
TOMB RAIDER,2013,1
TOMB RAIDER,2015,1
TOMB RAIDER I,2015,1
TOMB RAIDER: TOMB OF THE LOST ADVENTURER,2014,1
TORIBASH,2014,2
TORIBASH,2015,3
TOTAL WAR BATTLES: KINGDOM,2015,2
TOTAL WAR(TM): ROME II - EMPEROR EDITION,2013,5
TOTAL WAR(TM): ROME II - EMPEROR EDITION,2014,4
TOTAL WAR(TM): ROME II - EMPEROR EDITION,2015,3
TOTAL WAR: WARHAMMER,2016,2
TOWN OF SALEM,2015,2
TOWNS,2014,1
TOY SOLDIERS: COMPLETE,2014,1
TRACKMANIA NATIONS FOREVER,2013,1
TRACKMANIA(R) TURBO,2010,1
TRACKMANIA2 CANYON,2014,1
TRACKMANIA2 STADIUM,2013,1
TRACKMANIA2 STADIUM,2014,1
TRAIN SIMULATOR,2010,2
TRAIN SIMULATOR,2014,1
TRAIN SIMULATOR,2015,1
TRANSFORMICE,2015,1
TRAPPED DEAD,2014,1
TREE OF LIFE,2017,1
TREE OF SAVIOR (ENGLISH VER.),2016,4
TRIALS EVOLUTION: GOLD EDITION,2014,1
TRIALS EVOLUTION: GOLD EDITION,2015,1
TRIALS FUSION(TM),2015,1
TRIBES: ASCEND,2014,2
TRIBES: ASCEND,2015,2
TRINE 3: THE ARTIFACTS OF POWER,2015,2
TRINO,2015,1
TROPICO 3,2015,1
TROPICO RELOADED,2014,1
TROVE,2015,17
TRYST,2013,1
TURBO DISMOUNT(TM),2014,1
TWO WORLDS II HD,2014,1
UBERMOSH,2015,1
ULTRA STREET FIGHTER(R) IV,2014,1
UNDERTALE,2015,7
UNEARTHED: TRAIL OF IBN BATTUTA - EPISODE 1 - GOLD EDITION,2014,1
UNIVERSAL COMBAT CE,2015,1
UNTURNED,2014,17
UNTURNED,2015,19
UNTURNED,2017,7
URBAN TRIAL FREESTYLE,2014,1
URIEL'S CHASM,2015,2
VALKYRIA CHRONICLES(TM),2015,1
VECTOR,2014,1
VECTOR THRUST,2015,1
VEGA CONFLICT,2015,1
VELVET SUNDOWN,2014,1
VELVET SUNDOWN,2015,1
VERDUN,2013,2
VERDUN,2015,3
VERTIGINOUS GOLF,2015,1
VICTORIA II,2015,1
VICTORY AT SEA,2014,1
VICTORY: THE AGE OF RACING,2016,1
VIGIL: BLOOD BITTERNESS(TM),2014,1
VIKING: BATTLE FOR ASGARD,2012,1
VIKING: BATTLE FOR ASGARD,2014,1
VIKING: BATTLE FOR ASGARD,2015,1
VILLAGERS AND HEROES,2014,1
VILLAGERS AND HEROES,2015,2
VINDICTUS,2014,2
VITRUM,2014,1
VOXELIZED,2015,1
WAR FOR THE OVERWORLD,2015,1
WAR THUNDER,2010,5
WAR THUNDER,2013,2
WAR THUNDER,2014,8
WAR THUNDER,2015,4
WAR THUNDER - STEAM PACK,2014,1
WAREHOUSE AND LOGISTICS SIMULATOR,2014,1
WARFACE,2014,14
WARFACE,2015,3
WARFRAME,2013,5
WARFRAME,2014,2
WARFRAME,2015,5
WARGAME: AIRLAND BATTLE,2013,1
WARGAME: EUROPEAN ESCALATION,2014,1
"WARHAMMER 40,000: KILL TEAM",2015,1
"WARHAMMER(R) 40,000: DAWN OF WAR(R) - SOULSTORM",2015,1
WARHAMMER: END TIMES - VERMINTIDE,2015,1
WARMODE,2015,7
WASTELAND 2: DIRECTOR'S CUT,2014,2
WATCH_DOGS(TM),2014,14
WATCH_DOGS(TM),2015,4
WAVEFORM,2015,1
WAY OF THE SAMURAI 4,2015,1
WHAT'S UNDER YOUR BLANKET !?,2016,2
WHO'S YOUR DADDY,2015,1
WILD SEASON,2015,1
WITHOUT WITHIN,2015,1
WOLFENSTEIN: THE NEW ORDER,2014,3
WOLFENSTEIN: THE NEW ORDER,2015,1
WOLFENSTEIN: THE OLD BLOOD,2015,1
WOODCUTTER SIMULATOR 2013,2014,3
WOODLE TREE ADVENTURES,2014,2
WOODLE TREE ADVENTURES,2015,1
WORLD OF GOO,2015,1
WORLD OF GUNS: GUN DISASSEMBLY,2014,3
WORLD WAR III: BLACK GOLD,2014,1
WORM.IS: THE GAME,2016,1
WORMS CLAN WARS,2013,1
WORMS ULTIMATE MAYHEM,2011,1
WORMS ULTIMATE MAYHEM,2015,1
WWE 2K16,2016,1
X REBIRTH,2014,5
X3: TERRAN CONFLICT,2015,1
X: TENSION,2010,1
XCOM 2: ANARCHY'S CHILDREN,2016,1
XCOM: ENEMY UNKNOWN,2012,1
XCOM: ENEMY UNKNOWN,2015,1
YET ANOTHER ZOMBIE DEFENSE,2014,3
YET ANOTHER ZOMBIE DEFENSE,2015,1
YOHJO SIMULATOR,2015,1
YOU HAVE TO WIN THE GAME,2014,1
YOU MUST BUILD A BOAT,2015,1
ZACCARIA PINBALL,2010,1
ZIGFRAK,2014,1
ZOMBI,2015,2
ZOMBIE ARMY TRILOGY,2015,3
ZOMBIE SHOOTER,2015,1
ZOMBIE ZOEDS,2015,1
